Admin Yuki 1,9999999,1,available
Admin Yuki 2,9999999,1,available
Admin Yuki 3,9999999,1,available
Admin Yuki 4,9999999,1,available
Admin Yuki 5,9999999,1,available
Admin Yuki 6,9999999,1,available
Admin Yuki 7,9999999,1,available
Admin Yuki 8,9999999,1,available
Admin Yuki 9,9999999,1,available
Admin Yuki 10,9999999,1,available
Admin Pluem 1,9999999,1,available
Admin Pluem 2,9999999,1,available
Admin Pluem 3,9999999,1,available
Admin Pluem 4,9999999,1,available
Admin Pluem 5,9999999,1,available
Admin Pluem 6,9999999,1,available
Admin Pluem 7,9999999,1,available
Admin Pluem 8,9999999,1,available
Admin Pluem 9,9999999,1,available
Admin Pluem 10,9999999,1,available
