admin20,1234,นายทดสอบ 20,123456789,admin20@gmail.com
admin21,1234,นายทดสอบ 21,123456789,admin21@gmail.com
admin22,1234,นายทดสอบ 22,123456789,admin22@gmail.com
admin23,1234,นายทดสอบ 23,123456789,admin23@gmail.com
admin24,1234,นายทดสอบ 24,123456789,admin24@gmail.com
admin25,1234,นายทดสอบ 25,123456789,admin25@gmail.com
admin26,1234,นายทดสอบ 26,123456789,admin26@gmail.com
admin27,1234,นายทดสอบ 27,123456789,admin27@gmail.com
admin28,1234,นายทดสอบ 28,123456789,admin28@gmail.com
admin29,1234,นายทดสอบ 29,123456789,admin29@gmail.com
admin30,1234,นายทดสอบ 30,123456789,admin30@gmail.com
admin31,1234,นายทดสอบ 31,123456789,admin31@gmail.com
admin32,1234,นายทดสอบ 32,123456789,admin32@gmail.com
admin33,1234,นายทดสอบ 33,123456789,admin33@gmail.com
admin34,1234,นายทดสอบ 34,123456789,admin34@gmail.com
admin35,1234,นายทดสอบ 35,123456789,admin35@gmail.com
admin36,1234,นายทดสอบ 36,123456789,admin36@gmail.com
admin37,1234,นายทดสอบ 37,123456789,admin37@gmail.com
admin38,1234,นายทดสอบ 38,123456789,admin38@gmail.com
admin39,1234,นายทดสอบ 39,123456789,admin39@gmail.com
admin40,1234,นายทดสอบ 40,123456789,admin40@gmail.com
